state,psv_prov_type,source_id
AK,NP,AK_CBP
AK,NPB,AK_CBP
AK,PAS,AK_CBP
AK,PN,AK_CBP
AK,PT,AK_CBP
AK,SH,AK_CBP
AL,AU,AL_ABESPA
AL,DO,AL_ALBME
AL,LC,AL_MFT
AL,LC,IBCLC_COMMISSION
AL,LPC,AL_MFT
AL,MD,AL_ALBME
AL,OD,AL_OPTOMETRY
AL,OP,AL_OPTOMETRY
AL,PA,AL_ALBME
AL,PAS,AL_ALBME
AL,SH,AL_ABESPA
AR,AU,AR_ABESLPA
AR,CP,AR_APB
AR,DAC,AR_BEADAC
AR,DC,AR_ASBCE
AR,DO,AR_MEDBOARD
AR,DT,AR_DIETBOARD
AR,DP,AR_PODIATRY
AR,LC,AR_ABECMFT
AR,LC,IBCLC_COMMISSION
AR,LC,AR_ASBN
AR,LPC,AR_ABECMFT
AR,MD,AR_MEDBOARD
AR,MT,AR_ABECMFT
AR,NP,AR_ASBN
AR,NPB,AR_ASBN
AR,OP,AR_ASBO
AR,PN,AR_ASBN
AR,PT,AR_PTBS
AR,RNA,AR_ASBN
AR,SH,AR_ABESLPA
AR,ST,AR_ABESLPA
AR,SW,AR_SWB
AR,ABA,BACB
AR,GNC,AR_MEDBOARD
AR,NPS,AR_ASBN
AR,OD,AR_ASBO
AR,OT,AR_MEDBOARD
AR,PA,AR_MEDBOARD
AR,PAS,AR_MEDBOARD
AR,PE,AR_APB
AR,PH,AR_MEDBOARD
AZ,AU,AZ_SPEECH_HEAR
AZ,CP,AZ_PSYCH
AZ,CP,PSYPACT
AZ,DA,AZ_DENTAL
AZ,DAC,AZ_BEHAVIORAL_HEALTH
AZ,DC,AZ_CHIRO
AZ,DDS,AZ_DENTAL
AZ,DMD,AZ_DENTAL
AZ,DO,AZ_OSTEO
AZ,LAC,AZ_ACUPUNCTURE
AZ,LC,AZ_BEHAVIORAL_HEALTH
AZ,LC,IBCLC_COMMISSION
AZ,LPC,AZ_BEHAVIORAL_HEALTH
AZ,MD,AZ_MEDBOARD
AZ,MT,AZ_BEHAVIORAL_HEALTH
AZ,ND,AZ_NATUROPATHIC
AZ,OD,AZ_OPTOMETRY
AZ,OP,AZ_OPTOMETRY
AZ,OT,AZ_OT
AZ,PA,AZ_MEDBOARD
AZ,PAB,AZ_MEDBOARD
AZ,PAS,AZ_MEDBOARD
AZ,PT,AZ_PT
AZ,SH,AZ_SPEECH_HEAR
AZ,SW,AZ_BEHAVIORAL_HEALTH
CO,ABA,CO_DORA
CO,CP,CO_DORA
CO,CP,PSYPACT
CO,AP,CO_DORA
CO,AU,CO_DORA
CO,DDS,CO_DORA
CO,DMD,CO_DORA
CO,DO,CO_DORA
CO,DP,CO_DORA
CO,DT,CO_DORA
CO,LC,CO_DORA
CO,LC,IBCLC_COMMISSION
CO,LPC,CO_DORA
CO,MD,CO_DORA
CO,MT,CO_DORA
CO,ND,CO_DORA
CO,NP,CO_DORA
CO,NPB,CO_DORA
CO,NUT,CO_DORA
CO,OT,CO_DORA
CO,PA,CO_DORA
CO,PAB,CO_DORA
CO,PAS,CO_DORA
CO,PH,CO_DORA
CO,PN,CO_DORA
CO,PT,CO_DORA
CO,RFA,CO_DORA
CO,RNA,CO_DORA
CO,SH,CO_DORA
CO,SW,CO_DORA
CT,ABA,CT_ELICENSE
CT,AP,CT_ELICENSE
CT,AU,CT_ELICENSE
CT,CP,CT_ELICENSE
CT,CP,PSYPACT
CT,DAC,CT_ELICENSE
CT,DC,CT_ELICENSE
CT,DO,CT_ELICENSE
CT,DP,CT_ELICENSE
CT,DT,CT_ELICENSE
CT,LC,CT_ELICENSE
CT,LC,IBCLC_COMMISSION
CT,LPC,CT_ELICENSE
CT,MD,CT_ELICENSE
CT,MT,CT_ELICENSE
CT,NP,CT_ELICENSE
CT,NPB,CT_ELICENSE
CT,NPS,CT_ELICENSE
CT,NUT,CT_ELICENSE
CT,OD,CT_ELICENSE
CT,OP,CT_ELICENSE
CT,OT,CT_ELICENSE
CT,PA,CT_ELICENSE
CT,PAS,CT_ELICENSE
CT,PH,CT_ELICENSE
CT,PN,CT_ELICENSE
CT,PT,CT_ELICENSE
CT,RNA,CT_ELICENSE
CT,SH,CT_ELICENSE
CT,ST,CT_ELICENSE
CT,SW,CT_ELICENSE
CT,DN,CT_ELICENSE
CT,GNC,CT_ELICENSE
CT,MW,CT_ELICENSE
CT,ND,CT_ELICENSE
CT,PAB,CT_ELICENSE
CT,ABA,CT_ELICENSE_BROWSER
CT,AP,CT_ELICENSE_BROWSER
CT,AU,CT_ELICENSE_BROWSER
CT,CP,CT_ELICENSE_BROWSER
CT,DAC,CT_ELICENSE_BROWSER
CT,DC,CT_ELICENSE_BROWSER
CT,DN,CT_ELICENSE_BROWSER
CT,DO,CT_ELICENSE_BROWSER
CT,DP,CT_ELICENSE_BROWSER
CT,DT,CT_ELICENSE_BROWSER
CT,GNC,CT_ELICENSE_BROWSER
CT,LC,CT_ELICENSE_BROWSER
CT,LPC,CT_ELICENSE_BROWSER
CT,MD,CT_ELICENSE_BROWSER
CT,MT,CT_ELICENSE_BROWSER
CT,MW,CT_ELICENSE_BROWSER
CT,ND,CT_ELICENSE_BROWSER
CT,NP,CT_ELICENSE_BROWSER
CT,NPB,CT_ELICENSE_BROWSER
CT,NPS,CT_ELICENSE_BROWSER
CT,NUT,CT_ELICENSE_BROWSER
CT,OD,CT_ELICENSE_BROWSER
CT,OP,CT_ELICENSE_BROWSER
CT,OT,CT_ELICENSE_BROWSER
CT,PA,CT_ELICENSE_BROWSER
CT,PAB,CT_ELICENSE_BROWSER
CT,PAS,CT_ELICENSE_BROWSER
CT,PH,CT_ELICENSE_BROWSER
CT,PN,CT_ELICENSE_BROWSER
CT,PT,CT_ELICENSE_BROWSER
CT,RNA,CT_ELICENSE_BROWSER
CT,SH,CT_ELICENSE_BROWSER
CT,ST,CT_ELICENSE_BROWSER
CT,SW,CT_ELICENSE_BROWSER
FL,ABA,BACB
FL,AP,FL_MQA
FL,AU,FL_MQA
FL,CP,FL_MQA
FL,CP,PSYPACT
FL,DC,FL_MQA
FL,DDS,FL_MQA
FL,DMD,FL_MQA
FL,DO,FL_MQA
FL,DP,FL_MQA
FL,DT,FL_MQA
FL,GNC,FL_MQA
FL,LC,FL_MQA
FL,LC,IBCLC_COMMISSION
FL,LPC,FL_MQA
FL,MD,FL_MQA
FL,MST,FL_MQA
FL,MT,FL_MQA
FL,MW,FL_MQA
FL,NP,FL_MQA
FL,NPB,FL_MQA
FL,NPS,FL_MQA
FL,OD,FL_MQA
FL,OP,FL_MQA
FL,OT,FL_MQA
FL,PA,FL_MQA
FL,PAB,FL_MQA
FL,PAS,FL_MQA
FL,PE,FL_MQA
FL,PH,FL_MQA
FL,PN,FL_MQA
FL,PT,FL_MQA
FL,RNA,FL_MQA
FL,SH,FL_MQA
FL,ST,FL_MQA
FL,SW,FL_MQA
HI,DT,HI_DIETITIANS
ID,ABA,ID_DOPL
ID,AU,ID_DOPL
ID,CP,ID_DOPL
ID,CP,PSYPACT
ID,DC,ID_DOPL
ID,DO,ID_DOPL
ID,DP,ID_DOPL
ID,DT,ID_DOPL
ID,LC,IBCLC_COMMISSION
ID,LC,ID_DOPL
ID,LPC,ID_DOPL
ID,MD,ID_DOPL
ID,MT,ID_DOPL
ID,MW,ID_DOPL
ID,NP,ID_DOPL
ID,OD,ID_DOPL
ID,OP,ID_DOPL
ID,OT,ID_DOPL
ID,PA,ID_DOPL
ID,PAS,ID_DOPL
ID,PH,ID_DOPL
ID,PN,ID_DOPL
ID,PT,ID_DOPL
ID,SH,ID_DOPL
ID,SW,ID_DOPL
IL,ABA,IL_LICENSING
IL,ABA,BACB
IL,AP,IL_LICENSING
IL,AU,IL_LICENSING
IL,CP,IL_LICENSING
IL,CP,PSYPACT
IL,DAC,IL_LICENSING
IL,DC,IL_LICENSING
IL,DDS,IL_LICENSING
IL,DMD,IL_LICENSING
IL,DO,IL_LICENSING
IL,DP,IL_LICENSING
IL,DT,IL_LICENSING
IL,LC,IBCLC_COMMISSION
IL,LC,IL_LICENSING
IL,LPC,IL_LICENSING
IL,MD,IL_LICENSING
IL,MT,IL_LICENSING
IL,MW,IL_LICENSING
IL,NP,IL_LICENSING
IL,NPB,IL_LICENSING
IL,NPS,IL_LICENSING
IL,NSA,IL_LICENSING
IL,OD,IL_LICENSING
IL,OP,IL_LICENSING
IL,OT,IL_LICENSING
IL,PA,IL_LICENSING
IL,PAB,IL_LICENSING
IL,PAS,IL_LICENSING
IL,PH,IL_LICENSING
IL,PN,IL_LICENSING
IL,PT,IL_LICENSING
IL,RN,IL_LICENSING
IL,RNA,IL_LICENSING
IL,SH,IL_LICENSING
IL,SW,IL_LICENSING
IN,ABA,IN_PLA
IN,ABA,BACB
IN,AP,IN_PLA
IN,AU,IN_PLA
IN,CP,IN_PLA
IN,CP,PSYPACT
IN,DAC,IN_PLA
IN,DC,IN_PLA
IN,DO,IN_PLA
IN,DP,IN_PLA
IN,DT,IN_PLA
IN,GNC,IN_PLA
IN,LC,IBCLC_COMMISSION
IN,LC,IN_PLA
IN,LPC,IN_PLA
IN,MD,IN_PLA
IN,MT,IN_PLA
IN,NP,IN_PLA
IN,NPB,IN_PLA
IN,NPS,IN_PLA
IN,OD,IN_PLA
IN,OP,IN_PLA
IN,OT,IN_PLA
IN,PA,IN_PLA
IN,PAB,IN_PLA
IN,PAS,IN_PLA
IN,PH,IN_PLA
IN,PN,IN_PLA
IN,PT,IN_PLA
IN,RNA,IN_PLA
IN,SH,IN_PLA
IN,SW,IN_PLA
KS,ABA,KS_BSRB
KS,AU,KS_GLSUITE
KS,CP,KS_BSRB
KS,CP,PSYPACT
KS,DA,KS_DENTAL
KS,DC,KS_KSBHADA
KS,DDS,KS_DENTAL
KS,DMD,KS_DENTAL
KS,DN,KS_KSBHADA
KS,DP,KS_PHARMACY
KS,DP,KS_KSBHADA
KS,DT,KS_GLSUITE
KS,DT,KS_KSBHADA
KS,LC,IBCLC_COMMISSION
KS,LC,KS_NURSING_KSBN
KS,LC,KS_BSRB
KS,LPC,KS_BSRB
KS,MT,KS_BSRB
KS,MW,KS_KSBHADA
KS,MW,KS_NURSING_KSBN
KS,NP,KS_NURSING_KSBN
KS,NPB,KS_NURSING_KSBN
KS,NPS,KS_NURSING_KSBN
KS,NSA,KS_NURSING_KSBN
KS,OD,KS_OPTOMETRY
KS,OP,KS_OPTOMETRY
KS,OT,KS_KSBHADA
KS,PAB,KS_GLSUITE
KS,PAB,KS_KSBHADA
KS,PAS,KS_GLSUITE
KS,PAS,KS_KSBHADA
KS,PH,KS_PHARMACY
KS,PH,KS_KSBHADA
KS,PN,KS_NURSING_KSBN
KS,PT,KS_KSBHADA
KS,RN,KS_NURSING_KSBN
KS,RNA,KS_GLSUITE
KS,RNA,KS_NURSING_KSBN
KS,SH,KS_GLSUITE
KS,SH,KS_KSBHADA
KS,ST,KS_GLSUITE
KS,SW,KS_BSRB
KY,ABA,KY_MULTIBOARD
KY,AP,KY_AP
KY,AU,KY_MULTIBOARD
KY,CP,KY_MULTIBOARD
KY,CP,PSYPACT
KY,DA,KY_DENTAL
KY,DAC,KY_MULTIBOARD
KY,DC,KY_MULTIBOARD
KY,DDS,KY_DENTAL
KY,DMD,KY_DENTAL
KY,DN,KY_DENTAL
KY,DO,KY_MEDBOARD
KY,DP,KY_MULTIBOARD
KY,DT,KY_MULTIBOARD
KY,GNC,KY_GC
KY,LAC,KY_AP
KY,LC,IBCLC_COMMISSION
KY,LPC,KY_MULTIBOARD
KY,MD,KY_MEDBOARD
KY,MT,KY_MULTIBOARD
KY,NSA,KY_SA
KY,OD,KY_OD
KY,OP,KY_OD
KY,OT,KY_MULTIBOARD
KY,PA,KY_PA
KY,PAB,KY_PA
KY,PAS,KY_PA
KY,PH,KY_MEDBOARD
KY,PH,KY_PA
KY,PM,KY_PHARMACY
KY,PT,KY_MULTIBOARD
KY,SA,KY_SA
KY,SH,KY_MULTIBOARD
KY,ST,KY_MULTIBOARD
LA,AU,LA_SPEECH
LA,DA,LA_DENTAL
LA,DDS,LA_DENTAL
LA,DMD,LA_DENTAL
LA,DO,LA_MEDBOARD
LA,DT,LA_DIETETICS
LA,MD,LA_MEDBOARD
LA,MST,LA_MASSAGETHERAPY
LA,OD,LA_OPTOMETRY
LA,OP,LA_OPTOMETRY
LA,OT,LA_MEDBOARD
LA,PA,LA_MEDBOARD
LA,PAS,LA_MEDBOARD
LA,PT,LA_PT
LA,SH,LA_SPEECH
LA,SW,LA_SOCIALWORK
MA,ABA,MA_HEALTH
MA,AP,MA_MDDO
MA,AU,MA_HEALTH
MA,DAC,MA_BSAS
MA,DC,MA_HEALTH
MA,DO,MA_MDDO
MA,DP,MA_HEALTH
MA,DT,MA_HEALTH
MA,LC,IBCLC_COMMISSION
MA,LC,MA_HEALTH
MA,LPC,MA_HEALTH
MA,MD,MA_MDDO
MA,MT,MA_HEALTH
MA,MW,MA_HEALTH
MA,NP,MA_HEALTH
MA,NPB,MA_HEALTH
MA,NPS,MA_HEALTH
MA,NUT,MA_HEALTH
MA,OP,MA_HEALTH
MA,OT,MA_HEALTH
MA,PA,MA_HEALTH
MA,PAS,MA_HEALTH
MA,PH,MA_MDDO
MA,PH,MA_HEALTH
MA,PN,MA_HEALTH
MA,PT,MA_HEALTH
MA,RN,MA_HEALTH
MA,RNA,MA_HEALTH
MA,SH,MA_HEALTH
MA,SW,MA_HEALTH
MA,CP,MA_HEALTH
MA,CP,PSYPACT
MA,GNC,MA_HEALTH
MA,ST,MA_HEALTH
MD,AP,MD_ACUPUNCTURE
MD,AP,MD_ACUPUNCTURE_WEB
MD,ART,MD_COUNSELORS
MD,AU,MD_AUDIOLOGY
MD,CP,MD_PSYCH
MD,CP,MD_PSYCH_ASSOC
MD,CP,PSYPACT
MD,DAC,MD_COUNSELORS
MD,DC,MD_CHIROPRACTIC
MD,DO,MD_PHYSICIANS
MD,DT,MD_DIETETICS
MD,GNC,MD_PHYSICIANS
MD,LAC,MD_ACUPUNCTURE
MD,LAC,MD_ACUPUNCTURE_WEB
MD,LC,IBCLC_COMMISSION
MD,LC,MD_NURSING
MD,LC,MD_COUNSELORS
MD,LPC,MD_COUNSELORS
MD,MD,MD_PHYSICIANS
MD,ND,MD_PHYSICIANS
MD,NP,MD_NURSING
MD,NPB,MD_NURSING
MD,NPS,MD_PSYCH
MD,PH,MD_PHYSICIANS
MD,MT,MD_COUNSELORS
MD,MW,MD_NURSING
MD,PN,MD_NURSING
MD,RNA,MD_NURSING
MD,RT,MD_PHYSICIANS
MD,OD,MD_OPTOMETRY
MD,OP,MD_OPTOMETRY
MD,PA,MD_PHYSICIANS
MD,PAS,MD_PHYSICIANS
MD,PT,MD_PT
MD,SH,MD_AUDIOLOGY
MD,ST,MD_AUDIOLOGY
MD,SW,MD_SOCIALWORK
ME,ABA,ME_OPLR
ME,AU,ME_OPLR
ME,CP,ME_OPLR
ME,DA,ME_OPLR
ME,DAC,ME_OPLR
ME,DC,ME_OPLR
ME,DDS,ME_OPLR
ME,DMD,ME_OPLR
ME,DO,ME_OPLR
ME,DP,ME_OPLR
ME,DT,ME_OPLR
ME,LC,IBCLC_COMMISSION
ME,LC,ME_OPLR
ME,LPC,ME_OPLR
ME,MD,ME_OPLR
ME,MT,ME_OPLR
ME,MW,ME_OPLR
ME,NP,ME_OPLR
ME,NPB,ME_OPLR
ME,NPS,ME_OPLR
ME,OT,ME_OPLR
ME,PAS,ME_OPLR
ME,PH,ME_OPLR
ME,PN,ME_OPLR
ME,PT,ME_OPLR
ME,RNA,ME_OPLR
ME,SH,ME_OPLR
ME,SW,ME_OPLR
MI,ABA,MI_LARA
MI,AP,MI_LARA
MI,AU,MI_LARA
MI,CP,MI_LARA
MI,CP,PSYPACT
MI,DC,MI_LARA
MI,DDS,MI_LARA
MI,DMD,MI_LARA
MI,DO,MI_LARA
MI,DP,MI_LARA
MI,DT,MI_LARA
MI,LC,IBCLC_COMMISSION
MI,LC,MI_LARA
MI,LPC,MI_LARA
MI,LPN,MI_LARA
MI,MD,MI_LARA
MI,MT,MI_LARA
MI,MW,MI_LARA
MI,NP,MI_LARA
MI,NPB,MI_LARA
MI,NPS,MI_LARA
MI,NUT,MI_LARA
MI,OD,MI_LARA
MI,OP,MI_LARA
MI,OT,MI_LARA
MI,PA,MI_LARA
MI,PAS,MI_LARA
MI,PH,MI_LARA
MI,PN,MI_LARA
MI,PT,MI_LARA
MI,RN,MI_LARA
MI,RNA,MI_LARA
MI,SW,MI_LARA
MI,SH,MI_LARA
MN,AP,MN_MEDPRACTICE
MN,DA,MN_DENTISTRY
MN,DDS,MN_DENTISTRY
MN,DMD,MN_DENTISTRY
MN,DO,MN_MEDPRACTICE
MN,MD,MN_MEDPRACTICE
MN,NP,MN_MEDPRACTICE
MN,NPB,MN_MEDPRACTICE
MN,NPS,MN_MEDPRACTICE
MN,PA,MN_MEDPRACTICE
MN,PAS,MN_MEDPRACTICE
MO,AP,MO_NURSING
MO,CP,MO_PSYCHOLOGISTS
MO,CP,PSYPACT
MO,DA,MO_DENTAL
MO,DC,MO_CHIROPRACTIC
MO,DDS,MO_DENTAL
MO,DMD,MO_DENTAL
MO,DO,MO_HEALING_ARTS
MO,DP,MO_PHARMACY
MO,MD,MO_HEALING_ARTS
MO,MT,MO_HEALING_ARTS
MO,NP,MO_NURSING
MO,NPB,MO_NURSING
MO,NPS,MO_NURSING
MO,OD,MO_OPTOMETRY
MO,OP,MO_OPTOMETRY
MO,PA,MO_HEALING_ARTS
MO,PAS,MO_HEALING_ARTS
MO,PH,MO_PHARMACY
MO,PN,MO_NURSING
MO,RNA,MO_NURSING
MS,ABA,MS_ABA
MS,AU,MS_DHPL
MS,CP,MS_PSYCH
MS,DC,MS_CHIRO
MS,DT,MS_DHPL
MS,LC,IBCLC_COMMISSION
MS,LC,MS_DHPL
MS,LC,MS_LPC
MS,LC,MS_SWMFT
MS,LPC,MS_DHPL
MS,LPC,MS_LPC
MS,LPC,MS_SWMFT
MS,MST,MS_DHPL
MS,MT,MS_SWMFT
MS,NP,MS_DHPL
MS,NPB,MS_DHPL
MS,OD,MS_OPTOMETRY
MS,OP,MS_OPTOMETRY
MS,OT,MS_DHPL
MS,PN,MS_DHPL
MS,PT,MS_PT
MS,SH,MS_DHPL
MS,SW,MS_SWMFT
NC,AU,NC_SLP_AUD
NC,CP,NC_MENTAL_HEALTH
NC,CP,PSYPACT
NC,DA,NC_DENTAL
NC,DAC,NC_DAC
NC,DC,NC_CHIRO
NC,DDS,NC_DENTAL
NC,DMD,NC_DENTAL
NC,DT,NC_DIETETICS
NC,LC,IBCLC_COMMISSION
NC,LPC,NC_MENTAL_HEALTH
NC,LPC,NC_DAC
NC,NUT,NC_DIETETICS
NC,OD,NC_OPTOMETRY
NC,OP,NC_OPTOMETRY
NC,OR,NC_DENTAL
NC,OR,NC_MEDBOARD
NC,OT,NC_OT
NC,PAB,NC_PAB
NC,PC,NC_PASTORAL_COUNSELING
NC,DP,NC_PODIATRY
NC,PT,NC_PT
NC,PTA,NC_PT
NC,RNA,NC_NURSING
NC,RN,NC_NURSING
NC,SH,NC_SLP_AUD
NC,ST,NC_SLP_AUD
NC,ABA,BACB
NC,AP,NC_AP
NC,DO,NC_MEDBOARD
NC,LPN,NC_NURSING
NC,MD,NC_MEDBOARD
NC,MFT,NC_MFT
NC,MW,NC_NURSING
NC,NP,NC_NURSING
NC,NPB,NC_NURSING
NC,PA,NC_MEDBOARD
NC,PH,NC_MEDBOARD
NC,PN,NC_NURSING
NC,SW,NC_SW
ND,ABA,ND_AP
ND,AP,ND_AP
ND,DA,ND_DENTISTRY
ND,DDS,ND_DENTISTRY
ND,DMD,ND_DENTISTRY
ND,DP,ND_PODIATRY
ND,MT,ND_AP
ND,PT,ND_PT
NH,ABA,NH_OPLC
NH,AU,NH_OPLC
NH,CP,NH_OPLC
NH,CP,PSYPACT
NH,DC,NH_OPLC
NH,DDS,NH_OPLC
NH,DMD,NH_OPLC
NH,DO,NH_OPLC
NH,DT,NH_OPLC
NH,LC,IBCLC_COMMISSION
NH,LC,NH_OPLC
NH,LPC,NH_OPLC
NH,MD,NH_OPLC
NH,MT,NH_OPLC
NH,NP,NH_OPLC
NH,NPB,NH_OPLC
NH,OD,NH_OPLC
NH,OP,NH_OPLC
NH,OT,NH_OPLC
NH,PA,NH_OPLC
NH,PAS,NH_OPLC
NH,PH,NH_OPLC
NH,PN,NH_OPLC
NH,PT,NH_OPLC
NH,RNA,NH_OPLC
NH,SH,NH_OPLC
NH,ST,NH_OPLC
NH,SW,NH_OPLC
NJ,ABA,NJ_DCA
NJ,ABA,BACB
NJ,AP,NJ_DCA
NJ,AU,NJ_DCA
NJ,CP,NJ_DCA
NJ,CP,PSYPACT
NJ,DC,NJ_DCA
NJ,DO,NJ_DCA
NJ,DT,NJ_DCA
NJ,GNC,NJ_DCA
NJ,LC,IBCLC_COMMISSION
NJ,LC,NJ_DCA
NJ,LPC,NJ_DCA
NJ,MD,NJ_DCA
NJ,MT,NJ_DCA
NJ,MW,NJ_DCA
NJ,NP,NJ_DCA
NJ,NPB,NJ_DCA
NJ,NPS,NJ_DCA
NJ,NUT,NJ_DCA
NJ,OD,NJ_DCA
NJ,OP,NJ_DCA
NJ,OT,NJ_DCA
NJ,PA,NJ_DCA
NJ,PAS,NJ_DCA
NJ,PH,NJ_DCA
NJ,PN,NJ_DCA
NJ,PT,NJ_DCA
NJ,RN,NJ_DCA
NJ,RNA,NJ_DCA
NJ,SH,NJ_DCA
NJ,ST,NJ_DCA
NJ,SW,NJ_DCA
NM,AU,NM_RLD
NM,DC,NM_RLD
NM,DDS,NM_RLD
NM,DMD,NM_RLD
NM,DO,NM_MEDBOARD
NM,DP,NM_RLD
NM,DT,NM_RLD
NM,LAC,NM_RLD
NM,MD,NM_MEDBOARD
NM,MT,NM_RLD
NM,MW,NM_MIDWIVES
NM,OD,NM_RLD
NM,OP,NM_RLD
NM,OT,NM_RLD
NM,PA,NM_MEDBOARD
NM,PAS,NM_MEDBOARD
NM,PT,NM_RLD
NM,SH,NM_RLD
NV,ABA,NV_ABA
NV,AP,NV_ORIENTAL
NV,AU,NV_SPEECH
NV,CP,NV_BOP
NV,CP,PSYPACT
NV,DA,NV_NVADGC
NV,DAC,NV_NVADGC
NV,DC,NV_CHIRO
NV,DDS,NV_DENTAL
NV,DDS,NV_NVADGC
NV,DMD,NV_DENTAL
NV,DMD,NV_NVADGC
NV,DO,NV_MEDBOARD
NV,DO,NV_OSTEO
NV,DP,NV_PODIATRY
NV,DT,NV_DIETITIAN
NV,LAC,NV_ORIENTAL
NV,LC,IBCLC_COMMISSION
NV,LC,NV_MFTPC
NV,LPC,NV_MFTPC
NV,LPC,NV_NVADGC
NV,MD,NV_MEDBOARD
NV,MT,NV_MFTPC
NV,MW,NV_NURSING_BON
NV,OD,NV_OPTOMETRY
NV,OP,NV_OPTOMETRY
NV,PA,NV_MEDBOARD
NV,PAS,NV_MEDBOARD
NV,PAS,NV_OSTEO
NV,PH,NV_PHARMACY
NV,PH,NV_MEDBOARD
NV,PH,NV_OSTEO
NV,PT,NV_PT
NV,SH,NV_SPEECH
NV,ST,NV_SPEECH
NY,ABA,NY_CREDENTIALS
NY,AP,NY_CREDENTIALS
NY,AU,NY_CREDENTIALS
NY,CP,NY_CREDENTIALS
NY,DC,NY_CREDENTIALS
NY,DDS,NY_CREDENTIALS
NY,DMD,NY_CREDENTIALS
NY,DO,NY_CREDENTIALS
NY,DP,NY_CREDENTIALS
NY,DT,NY_CREDENTIALS
NY,LC,IBCLC_COMMISSION
NY,LC,NY_CREDENTIALS
NY,LPC,NY_CREDENTIALS
NY,MD,NY_CREDENTIALS
NY,MT,NY_CREDENTIALS
NY,MW,NY_CREDENTIALS
NY,NP,NY_CREDENTIALS
NY,NPB,NY_CREDENTIALS
NY,NPS,NY_CREDENTIALS
NY,NUT,NY_CREDENTIALS
NY,OP,NY_CREDENTIALS
NY,OT,NY_CREDENTIALS
NY,PAB,NY_CREDENTIALS
NY,PAS,NY_CREDENTIALS
NY,PH,NY_CREDENTIALS
NY,PN,NY_CREDENTIALS
NY,PT,NY_CREDENTIALS
NY,RNA,NY_CREDENTIALS
NY,SH,NY_CREDENTIALS
NY,ST,NY_CREDENTIALS
NY,SW,NY_CREDENTIALS
OH,ABA,OH_PROVIDERS_INDIVIDUAL
OH,AP,OH_PROVIDERS_INDIVIDUAL
OH,AU,OH_PROVIDERS_INDIVIDUAL
OH,CP,OH_PROVIDERS_INDIVIDUAL
OH,CP,PSYPACT
OH,DAC,OH_PROVIDERS_INDIVIDUAL
OH,DC,OH_PROVIDERS_INDIVIDUAL
OH,DP,OH_PROVIDERS_INDIVIDUAL
OH,DT,OH_PROVIDERS_INDIVIDUAL
OH,GNC,OH_PROVIDERS_INDIVIDUAL
OH,LC,IBCLC_COMMISSION
OH,LC,OH_PROVIDERS_INDIVIDUAL
OH,LPC,OH_PROVIDERS_INDIVIDUAL
OH,MST,OH_PROVIDERS_INDIVIDUAL
OH,MT,OH_PROVIDERS_INDIVIDUAL
OH,MW,OH_PROVIDERS_INDIVIDUAL
OH,NP,OH_PROVIDERS_INDIVIDUAL
OH,NPB,OH_PROVIDERS_INDIVIDUAL
OH,NUT,OH_PROVIDERS_INDIVIDUAL
OH,OT,OH_PROVIDERS_INDIVIDUAL
OH,PAB,OH_PROVIDERS_INDIVIDUAL
OH,PAS,OH_PROVIDERS_INDIVIDUAL
OH,PC,OH_PROVIDERS_INDIVIDUAL
OH,PH,OH_PROVIDERS_INDIVIDUAL
OH,PN,OH_PROVIDERS_INDIVIDUAL
OH,PT,OH_PROVIDERS_INDIVIDUAL
OH,RNA,OH_PROVIDERS_INDIVIDUAL
OH,SH,OH_PROVIDERS_INDIVIDUAL
OH,SW,OH_PROVIDERS_INDIVIDUAL
OK,AU,OK_SLP_AUD
OK,DA,OK_DENTAL
OK,DAC,OK_ADAC
OK,DAC,OK_BEHAVIORAL_HEALTH
OK,DDS,OK_DENTAL
OK,DMD,OK_DENTAL
OK,DO,OK_OSTEO
OK,DT,OK_MEDBOARD
OK,LC,IBCLC_COMMISSION
OK,LC,OK_BEHAVIORAL_HEALTH
OK,LPC,OK_BEHAVIORAL_HEALTH
OK,MD,OK_MEDBOARD
OK,MT,OK_BEHAVIORAL_HEALTH
OK,OD,OK_OPTOMETRY
OK,OP,OK_OPTOMETRY
OK,OT,OK_MEDBOARD
OK,PA,OK_MEDBOARD
OK,PAB,OK_MEDBOARD
OK,PAS,OK_MEDBOARD
OK,PT,OK_MEDBOARD
OK,SH,OK_SLP_AUD
OK,ST,OK_SLP_AUD
OK,SW,OK_SOCIALWORK
OR,ABA,OR_HLO
OR,AU,OR_HLO
OR,AU,OR_SLP
OR,CP,OR_PSYCH
OR,DA,OR_DENTAL
OR,DDS,OR_DENTAL
OR,DMD,OR_DENTAL
OR,DO,OR_OMB
OR,DP,OR_OMB
OR,DT,OR_HLO
OR,LC,IBCLC_COMMISSION
OR,LC,OR_COUNSELORS
OR,LPC,OR_COUNSELORS
OR,MD,OR_OMB
OR,MST,OR_HLO
OR,MT,OR_COUNSELORS
OR,ND,OR_NATUROPATH
OR,NUT,OR_HLO
OR,OD,OR_OPTOMETRY
OR,OP,OR_OPTOMETRY
OR,OT,OR_OT
OR,PA,OR_OMB
OR,PAB,OR_OMB
OR,PAS,OR_OMB
OR,PT,OR_PT
OR,SH,OR_SLP
OR,ST,OR_SLP
PA,ABA,PA_PALS
PA,AP,PA_PALS
PA,AU,PA_PALS
PA,CP,PA_PALS
PA,CP,PSYPACT
PA,DA,PA_PALS
PA,DAC,PA_PALS
PA,DC,PA_PALS
PA,DDS,PA_PALS
PA,DMD,PA_PALS
PA,DO,PA_PALS
PA,DP,PA_PALS
PA,DT,PA_PALS
PA,LC,IBCLC_COMMISSION
PA,LC,PA_PALS
PA,LPC,PA_PALS
PA,MD,PA_PALS
PA,MT,PA_PALS
PA,MW,PA_PALS
PA,NP,PA_PALS
PA,NPB,PA_PALS
PA,NPS,PA_PALS
PA,OD,PA_PALS
PA,OP,PA_PALS
PA,OT,PA_PALS
PA,PH,PA_PALS
PA,PN,PA_PALS
PA,PT,PA_PALS
PA,RNA,PA_PALS
PA,SH,PA_PALS
PA,SW,PA_PALS
SC,LC,IBCLC_COMMISSION
SC,LC,SC_SCLLR_LPCMFT
SC,LPC,SC_SCLLR_LPCMFT
SC,SW,SC_SCLLR_SW
SD,AU,SD_AUDIOLOGY
SD,CP,SD_PSYCH
SD,CP,PSYPACT
SD,DC,SD_CHIRO
SD,OD,SD_OPT
SD,OP,SD_OPT
SD,PT,SD_PT
SD,SH,SD_SPEECH
TX,AP,TX_MEDBOARD
TX,CP,TX_BHEC
TX,CP,PSYPACT
TX,DA,TX_DENTAL
TX,DAC,TX_CHEMICAL
TX,DC,TX_CHIRO
TX,DDS,TX_DENTAL
TX,DMD,TX_DENTAL
TX,DO,TX_MEDBOARD
TX,LPC,TX_BHEC
TX,MD,TX_MEDBOARD
TX,MST,TX_TDLR
TX,MT,TX_BHEC
TX,NP,TX_MEDBOARD
TX,NPB,TX_MEDBOARD
TX,NPS,TX_MEDBOARD
TX,OD,TX_OPTOMETRY
TX,OP,TX_OPTOMETRY
TX,PA,TX_MEDBOARD
TX,PAB,TX_MEDBOARD
TX,PAS,TX_MEDBOARD
TX,PN,TX_MEDBOARD
TX,RN,TX_MEDBOARD
TX,RNA,TX_MEDBOARD
TX,SW,TX_BHEC
VA,ABA,VA_DHP
VA,AP,VA_DHP
VA,AU,VA_DHP
VA,CP,VA_DHP
VA,CP,PSYPACT
VA,DAC,VA_DHP
VA,DC,VA_DHP
VA,DDS,VA_DHP
VA,DMD,VA_DHP
VA,DO,VA_DHP
VA,DP,VA_DHP
VA,GNC,VA_DHP
VA,LC,IBCLC_COMMISSION
VA,LC,VA_DHP
VA,LPC,VA_DHP
VA,MD,VA_DHP
VA,MST,VA_DHP
VA,MT,VA_DHP
VA,MW,VA_DHP
VA,NP,VA_DHP
VA,NPB,VA_DHP
VA,NPS,VA_DHP
VA,OD,VA_DHP
VA,OP,VA_DHP
VA,OT,VA_DHP
VA,PA,VA_DHP
VA,PAB,VA_DHP
VA,PAS,VA_DHP
VA,PH,VA_DHP
VA,PN,VA_DHP
VA,PT,VA_DHP
VA,RNA,VA_DHP
VA,SH,VA_DHP
VA,ST,VA_DHP
VA,SW,VA_DHP
VT,CP,VT_OPR
VT,SW,VT_OPR
VT,DC,VT_OPR
VT,DO,VT_MEDBOARD
VT,DP,VT_OPR
VT,LAC,VT_OPR
VT,LC,IBCLC_COMMISSION
VT,LC,VT_OPR
VT,LPC,VT_OPR
VT,MD,VT_MEDBOARD
VT,OD,VT_OPR
VT,OP,VT_OPR
VT,OT,VT_OPR
VT,PA,VT_MEDBOARD
VT,PAS,VT_MEDBOARD
VT,PH,VT_MEDBOARD
VT,PN,VT_OPR
VT,NP,VT_OPR
VT,DT,VT_OPR
VT,PT,VT_OPR
WA,ABA,WA_HEALTH
WA,AP,WA_HEALTH
WA,AU,WA_HEALTH
WA,CP,WA_HEALTH
WA,DAC,WA_HEALTH
WA,DC,WA_HEALTH
WA,DDS,WA_HEALTH
WA,DMD,WA_HEALTH
WA,DO,WA_HEALTH
WA,DP,WA_HEALTH
WA,DT,WA_HEALTH
WA,LC,IBCLC_COMMISSION
WA,LC,WA_HEALTH
WA,LPC,WA_HEALTH
WA,MD,WA_HEALTH
WA,MST,WA_HEALTH
WA,MT,WA_HEALTH
WA,MW,WA_HEALTH
WA,ND,WA_HEALTH
WA,NP,WA_HEALTH
WA,NPB,WA_HEALTH
WA,NUT,WA_HEALTH
WA,OP,WA_HEALTH
WA,OT,WA_HEALTH
WA,PA,WA_HEALTH
WA,PAS,WA_HEALTH
WA,PH,WA_HEALTH
WA,PM,WA_HEALTH
WA,PN,WA_HEALTH
WA,PT,WA_HEALTH
WA,RNA,WA_HEALTH
WA,SH,WA_HEALTH
WA,SW,WA_HEALTH
WI,ABA,WI_DSPS
WI,AU,WI_DSPS
WI,CP,WI_DSPS
WI,CP,PSYPACT
WI,DC,WI_DSPS
WI,DDS,WI_DSPS
WI,DMD,WI_DSPS
WI,DO,WI_DSPS
WI,DP,WI_DSPS
WI,DT,WI_DSPS
WI,LC,IBCLC_COMMISSION
WI,LC,WI_DSPS
WI,LPC,WI_DSPS
WI,MD,WI_DSPS
WI,MT,WI_DSPS
WI,NP,WI_DSPS
WI,NPB,WI_DSPS
WI,OD,WI_DSPS
WI,OP,WI_DSPS
WI,OT,WI_DSPS
WI,PA,WI_DSPS
WI,PAB,WI_DSPS
WI,PAS,WI_DSPS
WI,PH,WI_DSPS
WI,PN,WI_DSPS
WI,PT,WI_DSPS
WI,RN,WI_DSPS
WI,RNA,WI_DSPS
WI,SH,WI_DSPS
WI,SW,WI_DSPS
WV,CP,WV_PSYCH
WV,CP,PSYPACT
WV,DA,WV_DENTAL
WV,DC,WV_CHIRO
WV,DDS,WV_DENTAL
WV,DMD,WV_DENTAL
WV,DO,WV_MEDBOARD_MD
WV,MD,WV_MEDBOARD_MD
WV,OD,WV_OPTOMETRY
WV,OP,WV_OPTOMETRY
WV,PA,WV_MEDBOARD_PA
WV,PAS,WV_MEDBOARD_PA
WV,PT,WV_PT
WV,SW,WV_SOCIALWORK
WY,AP,WY_PHYSICIAN
WY,AU,WY_SPEECH
WY,CP,WY_PSYCH
WY,CP,PSYPACT
WY,DA,WY_DENTAL
WY,DAC,WY_MENTAL_HEALTH
WY,DC,WY_CHIRO
WY,DDS,WY_DENTAL
WY,DMD,WY_DENTAL
WY,DO,WY_PHYSICIAN
WY,DP,WY_PODIATRY
WY,DPM,WY_PODIATRY
WY,DT,WY_DIETETICS
WY,LC,IBCLC_COMMISSION
WY,LC,WY_MENTAL_HEALTH
WY,LPC,WY_MENTAL_HEALTH
WY,MD,WY_PHYSICIAN
WY,MT,WY_MENTAL_HEALTH
WY,OD,WY_OPTOMETRY
WY,OP,WY_OPTOMETRY
WY,OT,WY_OT
WY,PA,WY_PA
WY,PAS,WY_PA
WY,PH,WY_PHYSICIAN
WY,PT,WY_PT
WY,RT,WY_RESP
WY,RRT,WY_RESP
WY,SH,WY_SPEECH
WY,SW,WY_MENTAL_HEALTH
MD,DP,MD_PODIATRY
