,,,,,,,
This site is a primary source for verification of license credentials and is updated bi-monthly.,,,,,,,
"Last update: June 15, 2026",,,,,,,
LASTNAME,FIRSTNAME,INITIAL,LICNO,ISSDATE,EXPDATE,License Status,Disciplinary Action
Ackart,Elizabeth,P.,238,4/10/2018,6/30/2028,Active,None
Acosta,Erin,R.,969,2/17/2026,6/30/2028,Active,None
Adhin,Nirmala,,269,11/1/2018,6/30/2028,Active,None
Adkins,Journey,L.,610,7/14/2025,6/30/2027,Active,None
Anderson-Cardwell,Marysa,C.,516,1/24/2024,6/30/2026,Active,None
Apura,Margaret,M.,133,3/17/2014,6/30/2026,Active,None
Arakelian,Dayaneth,Y.,580,1/23/2025,6/30/2027,Active,None
Arbach,Heather,D.,472,4/4/2023,6/30/2027,Active,None
Argyle,Hillary,R.,438,7/28/2022,6/30/2026,Active,None
Arnold,Ann,B.,611,7/14/2025,6/30/2027,Active,None
Ashworth,Charity,,629,9/11/2025,6/30/2027,Active,None
Atteberry,Allison,,970,2/17/2026,6/30/2028,Active,None
Avanesyan,Anissa,R.,389,10/5/2021,6/30/2027,Active,None
Awad,Rama,Y.,972,3/9/2026,6/30/2028,Active,None
Bach,Danielle,B.,246,6/8/2018,6/30/2028,Active,None
Bad Heart Bull,Ryan,T.,575,12/10/2024,6/30/2026,Active,None
Baggett,Ryan,M.,553,8/21/2024,6/30/2026,Active,None
Bailey,Troy,A.,178,2/4/2016,6/30/2026,Active,None
Bakovic,Lena,,623,8/18/2025,6/30/2027,Active,None
Balderas,Michelle,,596,4/18/2025,6/30/2027,Active,None
Balls,Shelley,R.,222,10/12/2017,6/30/2027,Active,None
Balsamo,Julie,M.,526,2/29/2024,6/30/2028,Active,None
Barbe,Judy,A.,056,6/20/2012,6/30/2028,Active,None
Bardell,Wendy,K.,034,6/11/2012,6/30/2028,Active,None
Bardsley,Melissa,M.,096,2/11/2020,6/30/2026,Active,None
Barlow,Deidra,H.,325,6/23/2020,6/30/2028,Active,None
Barsegian,Armeniuhi,A.,1004,5/26/2026,6/30/2028,Active,None
Barthel,Sarah,B.,086,7/10/2012,6/30/2026,Active,None
Bates,Shane,K.,961,1/22/2026,6/30/2028,Active,None
Beblavi,Britta,G.,410,3/15/2022,6/30/2026,Active,None
Becker,Rayanna,L.,948,11/13/2025,6/30/2027,Active,None
Begor,Kendra,R.,1005,5/26/2026,6/30/2028,Active,None
Bennett,Alexis,,600,4/28/2025,6/30/2027,Active,None
Berens,Claire,E.,613,7/18/2025,6/30/2027,Active,None
Bergquist,Elizabeth,S.,419,4/4/2022,6/30/2028,Active,None
Beutler,Emily,A.,992,4/7/2026,6/30/2028,Active,None
Bey,Amy,M.,026,6/11/2012,6/30/2028,Active,None
Bird,Kathryn,N.,235,3/15/2018,6/30/2028,Active,None
Birkemeier,Linda,M.,146,8/13/2014,6/30/2026,Active,None
Blackner,Aubree,L.,602,6/5/2025,6/30/2027,Active,None
Blahnik,Anna Marie,E.,497,8/2/2023,6/30/2027,Active,None
Bleecker,Julia,C.,563,10/2/2024,6/30/2027,Active,None
Bokat,Rebecca,S.,955,1/8/2026,6/30/2028,Active,None
Boley,Georgia,F.,84,7/10/2012,6/30/2028,Active,None
Bolivar,Arianna,V.,520,2/12/2024,6/30/2026,Active,None
Bosson,Brianna,J.,952,1/8/2026,6/30/2028,Active,None
Boston,Karen,A.,543,6/5/2024,6/30/2026,Active,None
Boudreau,Jessica,R.,612,7/14/2025,6/30/2027,Active,None
Bourgeois,Chelsea,R.,614,7/18/2025,6/30/2027,Active,None
Bowling,Christina,L.,418,4/4/2022,6/30/2028,Active,None
Bowman,Jenifer,A.,416,3/24/2022,6/30/2028,Active,None
Braet-Thomas,Tina,L.,82,7/3/2012,6/30/2028,Active,None
Brailer,Claire,M.,308,3/23/2020,6/30/2028,Active,None
Briceno Alliegro,Lucia,E.,631,9/11/2025,6/30/2027,Active,None
Brinkerhoff,Heather,P.,201,8/9/2016,6/30/2028,Active,None
Brooks,Laura,,577,12/16/2024,6/30/2026,Active,None
Brossart,Heather,B.S.,982,2/17/2026,6/30/2028,Active,None
Brott,Clea,C.,475,4/19/2023,6/30/2027,Active,None
Brown,Abigail,K.,552,8/8/2024,6/30/2026,Active,None
Brown,Kristin,J.,332,7/23/2020,6/30/2026,Active,None
Brown,Mary,K.,574,11/27/2024,6/30/2026,Active,None
Brownstein,Amy,,938,9/29/2025,6/30/2027,Active,None
Bryan,Breanna,L.,537,5/2/2024,6/30/2026,Active,None
Buechler,Abby,R.,964,2/4/2026,6/30/2028,Active,None
Bush,Jessica,P.,420,4/4/2022,6/30/2026,Active,None
Cacioppo,Caitlin,L.,324,6/23/2020,6/30/2028,Active,None
Caldwell,Cecelia,L.,599,4/18/2025,6/30/2027,Active,None
Camiener,Emily,H.,633,9/11/2025,6/30/2027,Active,None
Campbell,Hilary,B.,588,3/18/2025,6/30/2027,Active,None
Campbell,Katherine,E.,547,7/2/2024,6/30/2026,Active,None
Carpenter,Jessica,T.,450,11/9/2022,6/30/2026,Active,None
Carrillo,Ivon,,478,5/4/2023,6/30/2027,Active,None
Carrillo,Mikaela,C.,945,10/16/2025,6/30/2027,Active,None
Caudle,Nancy,J.,544,6/5/2024,6/30/2026,Active,None
Cavanaugh,Cristina,J.,132,2/26/2021,6/30/2027,Active,None
Cawood,Rebecca,R.,538,5/17/2024,6/30/2028,Active,None
Chandler,Kate,F.,503,9/13/2023,6/30/2027,Active,None
Chanzis,Molly,C.,535,4/10/2024,6/30/2028,Active,None
Chase,Lilah,F.,1006,5/26/2026,6/30/2028,Active,None
Christopher,Mary Clare,,434,6/30/2022,6/30/2028,Active,None
Clark,Kristine,N.,117,3/7/2013,6/30/2027,Active,None
Clements,Christina,M.,156,1/27/2015,6/30/2027,Active,None
Clinton,Michelle,N.,140,5/8/2014,6/30/2026,Active,None
Cloutier,Caitlin,M.,632,9/11/2025,6/30/2027,Active,None
Collins,Deborah,A.,15,5/31/2012,6/30/2028,Active,None
Commenchal,Michelle,L.,967,2/11/2026,6/30/2028,Active,None
Crain,Lucille,A.,452,11/17/2022,6/30/2028,Active,None
Craven,Marjorie,A.,440,9/8/2022,6/30/2026,Active,None
Crawford,Cassidy,A.,934,9/15/2025,6/30/2027,Active,None
Crowder Anderson,Christina,M.,304,1/28/2020,6/30/2026,Active,None
Davenport,Jesse,R.,549,7/12/2024,6/30/2028,Active,None
Davis,Christine,M.,999,5/26/2026,6/30/2028,Active,None
De Pastina,Deborah,S.,200,7/29/2016,6/30/2028,Active,None
Delvalle,Isabella,S.,573,11/27/2024,6/30/2026,Active,None
Diaz,Isaac,,962,1/22/2026,6/30/2028,Active,None
DuBay Courtney,Lizette,M.,449,11/3/2022,6/30/2028,Active,None
Eardley,Tenika,L.,223,10/30/2017,6/30/2027,Active,None
Edens,Katelyn,C.,1012,6/5/2026,6/30/2028,Active,None
Edwards,Bonnie,D.,1007,5/26/2026,6/30/2028,Active,None
Edwards,Ellen,L.,307,3/10/2020,6/30/2026,Active,None
Ellis,Kimberly,M.,968,1/30/2026,6/30/2028,Active,None
Endrizal,Cynthia,L.,991,4/7/2026,6/30/2028,Active,None
Erdmann,Myranda,M.,974,3/9/2026,6/30/2028,Active,None
Erickson,Christina,R.,493,7/5/2023,6/30/2027,Active,None
Erickson,Christina,R.,493,7/5/2023,6/30/2027,Active,None
Erickson,Gemma,M.,603,6/5/2025,6/30/2027,Active,None
Erramouspe,Shauna,L.,47,6/18/2012,6/30/2026,Active,None
Eskam,Paula,C.,40,4/4/2018,6/30/2026,Active,None
Fabrizio,Elizabeth,J.,58,6/20/2012,6/30/2026,Active,None
Faulkner,Carly,B.,456,12/7/2022,6/30/2028,Active,None
Feaster,Olivia,K.,150,9/9/2014,6/30/2028,Active,None
Fernandes,Marylou,M.,564,10/31/2024,6/30/2026,Active,None
Fink,Rachel,E.,517,1/24/2024,6/30/2026,Active,None
Fisher,Bailey,K.,395,11/9/2021,6/30/2027,Active,None
Fisher,Tyla,M.,339,9/11/2020,6/30/2028,Active,None
Fitch,Jamie,L.,468,3/8/2023,6/30/2027,Active,None
Fitzgerald,Ashley,R.,969,9/13/2024,6/30/2026,Active,None
Fleming,Lindsay,N.,505,11/9/2023,6/30/2027,Active,None
Foose,Rebecca,S.,103,10/12/2012,6/30/2026,Active,None
Foreman,Angela,L.,483,5/25/2023,6/30/2027,Active,None
Fox,Margaret,E.,597,4/18/2025,6/30/2027,Active,None
Frederick,Christie,A.,421,4/4/2022,6/30/2028,Active,None
Freij,Amy,,616,8/18/2025,6/30/2027,Active,None
Fried,Hannah,L.,973,3/9/2026,6/30/2028,Active,None
Fuchs,Kathy,L.,204,8/19/2016,6/30/2028,Active,None
Furleigh,Kayla,M.,527,3/14/2024,6/30/2026,Active,None
Gaffen,Danielle,R.,567,10/25/2024,6/30/2026,Active,None
Garcia,Angela,S.,1008,5/26/2026,6/30/2028,Active,None
Garner,Candace,G.,219,8/28/2017,6/30/2027,Active,None
Garvey,Kathleen,W.,459,12/20/2022,6/30/2026,Active,None
Gasta,Margaret,G.,521,2/12/2024,6/30/2026,Active,None
Gei,Kelsie,L.,586,3/4/2025,6/30/2027,Active,None
Gibbs,Lauren,M.,288,7/9/2019,6/30/2027,Active,None
Gibson,Joanne,O.,566,10/25/2024,6/30/2026,Active,None
Gibson-Fagg,Nancy,D.,1009,5/26/2026,6/30/2028,Active,None
Gifford,Cody,L.,331,7/16/2020,6/30/2026,Active,None
Gillette,Heidi,M.,85,7/10/2012,6/30/2028,Active,None
Gillis,Cailyn,M.,336,8/14/2020,6/30/2026,Active,None
Girten,Alyssa,M.,983,3/13/2026,6/30/2028,Active,None
Glass,Akemi,S.,14,5/31/2012,6/30/2026,Active,None
Goff,Kevin,J.,477,4/28/2023,6/30/2027,Active,None
Gorges,Paige,M.,940,10/14/2025,6/30/2027,Active,None
Gray,Cheryl,A.,49,6/18/2012,6/30/2028,Active,None
Green,Brandi,P.,937,9/15/2025,6/30/2027,Active,None
Green,Danielle,L.,601,5/8/2025,6/30/2027,Active,None
Gribbin,Anna,S.,229,1/12/2018,6/30/2026,Active,None
Griffin,Sophia,P.,618,8/18/2025,6/30/2027,Active,None
Gunathilaka,Dilhari,,620,8/18/2025,6/30/2027,Active,None
Haggerty Stark,Arwen,R.,528,3/14/2024,6/30/2028,Active,None
Hallahan,Margaret,M.,609,6/11/2025,6/30/2027,Active,None
Halpern,Lisa,R.,514,12/28/2023,6/30/2027,Active,None
Hambright,Anna,D.,124,7/12/2013,6/30/2027,Active,None
Hampton-Lyon,Julie,M.,347,10/19/2020,6/30/2026,Active,None
Handley,Kimberly,J.,66,9/19/2016,6/30/2026,Active,None
Harrison,Hali,B.,218,8/3/2017,6/30/2027,Active,None
Hatch,Kelly,J.,548,7/12/2024,6/30/2028,Active,None
Heath,Ciara,L.,557,9/13/2024,6/30/2026,Active,None
Heinrichs,Amy,L.,954,1/8/2026,6/30/2028,Active,None
Helterbran,Allie,A.,476,4/28/2023,6/30/2027,Active,None
Henry,Meaghan,L.,510,11/29/2023,6/30/2027,Active,None
Hildenbrand,Misty,D.B.,595,4/9/2025,6/30/2027,Active,None
Hildenbrand,Misty,D.B.,595,4/9/2025,6/30/2027,Active,None
Holmes,Rebecca,A.,1000,5/26/2026,6/30/2028,Active,None
Hook,Jacklyn,C.,565,10/25/2024,6/30/2026,Active,None
Houghton,Sarah,L.,106,11/5/2012,6/30/2028,Active,None
Howell,Elodie,B.,630,9/11/2025,6/30/2027,Active,None
Hu,Yini,,230,1/23/2018,6/30/2026,Active,None
Hudspeth,Laura,A.,73,6/26/2012,6/30/2026,Active,None
Humpherys,Asa,T.,939,10/1/2025,6/30/2027,Active,None
Hunt,Jamie,M.,168,2/4/2020,6/30/2026,Active,None
Hunter,Ann,W.,69,6/25/2012,6/30/2026,Active,None
Hurm,Tanya,L.,91,7/12/2012,6/30/2028,Active,None
Ibarra,Josefina,,88,7/20/2012,6/30/2028,Active,None
Jackson,Marguerite,M.,35,6/18/2012,6/30/2028,Active,None
Jackson,Savanah,K.,354,11/16/2020,6/30/2026,Active,None
James,Brooke,,990,4/7/2026,6/30/2028,Active,None
James,Hayden,M.,515,1/24/2024,6/30/2026,Active,None
Jarnagin,Margaretha,J.,393,11/8/2021,6/30/2027,Active,None
Jeffers,Katherine,A.,604,6/5/2025,6/30/2027,Active,None
Jenks,Carolyn,G.,628,8/18/2025,6/30/2027,Active,None
Johnson,Jocelyn,M.,530,4/5/2024,6/30/2028,Active,None
Johnson,Kaitlyn,A.,402,2/4/2022,6/30/2028,Active,None
Kailey,Keven,V.,508,11/21/2023,6/30/2027,Active,None
Kapperman,Carissa,T.,627,8/18/2025,6/30/2027,Active,None
Karalli,Krystal,M.,605,6/16/2025,6/30/2027,Active,None
Kattner,ShiAnne,M.,943,10/16/2025,6/30/2027,Active,None
Keithley,Jodi,L.,197,6/29/2016,6/30/2028,Active,None
Kendall,Amy,K.,594,4/7/2025,6/30/2027,Active,None
Kennedy,Aimee,M.,518,1/24/2024,6/30/2028,Active,None
Kilen,Brittany,M.,463,1/11/2023,6/30/2027,Active,None
Kingsborough,Jennifer,M.,242,5/16/2018,6/30/2026,Active,None
Kinikin,JaNae,D.,562,10/2/2024,6/30/2027,Active,None
Kiriakos,Natalie,C.,572,12/10/2024,6/30/2028,Active,None
Kling,Jennifer,L.,551,8/8/2024,6/30/2028,Active,None
Knight,Gwen,P.,50,6/18/2012,6/30/2026,Active,None
Kollmann,Greta,M.,523,2/12/2024,6/30/2028,Active,None
Koss,Amanda,M.,981,2/17/2026,6/30/2028,Active,None
Kreager,Susan,,87,7/19/2012,6/30/2026,Active,None
Krick,Rachel,L.,447,10/24/2022,6/30/2026,Active,None
Krupp,Linsday,S.,513,12/28/2023,6/30/2027,Active,None
Kruse,Jenifer,R.,384,8/27/2021,6/30/2027,Active,None
Kuck,Amanda,N.,202,8/9/2016,6/30/2026,Active,None
Kuno,Sierra,M.,539,5/17/2024,6/30/2026,Active,None
Kutz,Gerri,L.,531,4/5/2024,6/30/2026,Active,None
Kyle,Erin,M.,198,6/29/2016,6/30/2026,Active,None
LaFrankie,Marin,C.,617,8/18/2025,6/30/2027,Active,None
Lamberton,Catherine,,382,8/25/2021,6/30/2027,Active,None
Larkin,Alisse,V.,590,3/19/2025,6/30/2027,Active,None
Larson,Jennifer,M.,399,12/16/2021,6/30/2027,Active,None
Leask,Katie,J.,936,9/15/2025,6/30/2027,Active,None
Leland-Lym,Suzanne,E.,13,5/31/2012,6/30/2028,Active,None
LeMaster,Kali,E.,443,9/15/2022,6/30/2026,Active,None
Lemon,Haley,C.,997,5/26/2026,6/30/2028,Active,None
Lindorfer,Erin,S.,255,8/31/2018,6/30/2026,Active,None
Linville,Katie,F.,519,2/6/2024,6/30/2028,Active,None
Littleton,Ashley,M.,177,8/7/2024,6/30/2028,Active,None
Loomis,Karin,J.,971,3/9/2026,6/30/2028,Active,None
Love,Rebecca,L.,1011,6/2/2026,6/30/2028,Active,None
Lozano,Lexi,A.,241,5/3/2018,6/30/2028,Active,None
Machado,Heather,R.,451,11/9/2022,6/30/2028,Active,None
Maier,Jennifer,A.,587,3/4/2025,6/30/2027,Active,None
Marks,Allyson,T.,591,3/19/2025,6/30/2027,Active,None
Mascio-Shields,Loretta,B.,137,3/17/2014,6/30/2026,Active,None
Masi,Gianna,E.,619,8/18/2025,6/30/2027,Active,None
Massey,Rachel,L.,560,9/16/2024,6/30/2026,Active,None
Mathis,Tracie,K.,989,4/7/2026,6/30/2028,Active,None
Mathlin,Katie,E.,191,5/18/2016,6/30/2026,Active,None
Matz,Jodi,A.,501,9/6/2023,6/30/2027,Active,None
Mayer,Ryann,E.,540,5/17/2024,6/30/2026,Active,None
McAvoy,Sydney,C.,494,7/14/2023,6/30/2027,Active,None
McBride,Laurie,N.,561,10/2/2024,6/30/2027,Active,None
McCabe,Susannah,G.,482,5/25/2023,6/30/2027,Active,None
McCauley,Krystle,N.,236,3/28/2018,6/30/2026,Active,None
McConnell,Alicia,M.,358,12/3/2020,6/30/2026,Active,None
McCoy,Jordan,P.,158,3/26/2015,6/30/2027,Active,None
McGee,Rachel,E.M,559,9/13/2024,6/30/2028,Active,None
McGill,Yael,,473,4/12/2023,6/30/2027,Active,None
McGrath,Abigail,,988,4/8/2026,6/30/2028,Active,None
McIntosh,Katelyn,I.,465,1/9/2026,6/30/2028,Active,None
McIntyre,Charlotte,L.,470,3/20/2023,6/30/2027,Active,None
McWaters,Kathryn,P.,993,5/1/2026,6/30/2028,Active,None
Medis,Bridget,E.,428,5/12/2022,6/30/2028,Active,None
Mele,Marianna,R.,980,2/17/2026,6/30/2028,Active,None
Menapace,Emily,A.,282,4/12/2019,6/30/2027,Active,None
Meredith,Nanette,,52,6/18/2012,6/30/2028,Active,None
Merritt,Angela,M.,592,3/27/2025,6/30/2027,Active,None
Merwin,Angela,M.,455,12/7/2022,6/30/2026,Active,None
Metherell,Therese,L.,70,6/25/2012,6/30/2026,Active,None
Meuli,Melinda,D.,2,5/14/2012,6/30/2028,Active,None
Meyers,Kathleen,F.,512,1/11/2024,6/30/2026,Active,None
Meyers,Stephanie,D.,536,4/10/2024,6/30/2028,Active,None
Michaels,Holly,A.,214,3/13/2017,6/30/2027,Active,None
Miller,James,C.,956,1/8/2026,6/30/2028,Active,None
Miller,Sonya,B.,541,5/17/2024,6/30/2028,Active,None
Mirchandani,Anita,,608,7/9/2025,6/30/2027,Active,None
Mitchell,Holly,E.,968,12/12/2025,6/30/2027,Active,None
Molinari,Maureen,P.,29,6/11/2012,6/30/2026,Active,None
Montegue,Jennifer,N.,963,1/30/2026,6/30/2028,Active,None
Moore,Jilian,M.,625,8/18/2025,6/30/2027,Active,None
Moore,Madison,T.,949,11/13/2025,6/30/2027,Active,None
Moore-Lawyer,Kelly,C.,1010,5/26/2026,6/30/2028,Active,None
Morales,Emily,C.,585,2/27/2025,6/30/2027,Active,None
Morin,Sarah,,507,11/15/2023,6/30/2027,Active,None
Morris,Eden,E.,311,4/6/2020,6/30/2028,Active,None
Mountcastle,Olivia,L.,499,8/16/2023,6/30/2027,Active,None
Murphy,Kierston,R.,373,4/23/2021,6/30/2027,Active,None
Nagle,Sadie,S.,344,10/13/2020,6/30/2028,Active,None
Neal,Mary,R.,61,5/17/2019,6/30/2027,Active,None
Nelson,Kathryn,M.,957,1/8/2026,6/30/2028,Active,None
Newberry,Melinda,A.,950,11/13/2025,6/30/2027,Active,None
Nielsen,Mark,T.,436,7/13/2022,6/30/2028,Active,None
Nistler,Kimberly,A.,226,12/20/2017,6/30/2027,Active,None
Nyapete,Natalie,R.,958,1/8/2026,6/30/2028,Active,None
O'Connor,Alexandria,E.,576,12/16/2024,6/30/2026,Active,None
Olivieri,Brianna,L.,532,4/5/2024,6/30/2026,Active,None
Olson,Danae,,141,6/24/2014,6/30/2028,Active,None
O'Malley,Elizabeth,A.,975,3/9/2026,6/30/2028,Active,None
Orvos,Emily,G.,959,1/8/2026,6/30/2028,Active,None
Ovecka,George David,,30,6/11/2012,6/30/2028,Active,None
Paez,Idequiz,,546,7/2/2024,6/30/2026,Active,None
Paglia,Leisann,M.,3,5/8/2012,6/30/2028,Active,None
Paige,Lisa,S.,966,1/30/2026,6/30/2028,Active,None
Panwala,Manisha,D.,1001,5/26/2026,6/30/2028,Active,None
Paris,Britta,M.,362,1/26/2021,6/30/2027,Active,None
Park,Jane,,976,3/9/2026,6/30/2028,Active,None
Parseghian-Brown,Shoghag,S.,359,12/15/2020,6/30/2026,Active,None
Parsons,Sara,L.,484,5/31/2023,6/30/2027,Active,None
Patton,Sarah,R.,998,5/26/2026,6/30/2028,Active,None
Pebbles,Melinda,K.,10,5/21/2012,6/30/2028,Active,None
Peery,Mackenzie,M.,534,4/5/2024,6/30/2028,Active,None
Pennington,Sarah,E.,487,6/7/2023,6/30/2027,Active,None
Perryman,Emily,A.,550,7/12/2024,6/30/2026,Active,None
Peterson,Kylie,,607,7/9/2025,6/30/2027,Active,None
Peterson,Linzy,J.,545,6/5/2024,6/30/2028,Active,None
Peterson,Sarah,J.,131,12/31/2013,6/30/2027,Active,None
Pham,Katherine,,581,1/23/2025,6/30/2027,Active,None
Phillips,Sarah,A.,533,4/5/2024,6/30/2026,Active,None
Pitts,Megan,H.,406,2/25/2022,6/30/2026,Active,None
Plouvier,Shannah,L.,364,2/26/2021,6/30/2027,Active,None
Podruski,Jessica,M.,995,5/26/2026,6/30/2028,Active,None
Printz,Sally,A.,522,2/12/2024,6/30/2028,Active,None
Rasnick-Wiseman,Sarah,J.,571,11/27/2024,6/30/2028,Active,None
Raymond,Marisa,A.,568,11/5/2024,6/30/2026,Active,None
Raymond,Rachel,A.,432,6/15/2022,6/30/2026,Active,None
Redd,Robin,L.,947,10/30/2025,6/30/2027,Active,None
Reddan,Lisa,P.,960,1/8/2026,6/30/2028,Active,None
Reimers,Kelda,K.,322,6/23/2020,6/30/2028,Active,None
Reinken,Jordan,A.,622,8/18/2025,6/30/2027,Active,None
Renner,Carolyn,M.,4,5/8/2012,6/30/2028,Active,None
Rivera,Ada,M.,256,9/5/2018,6/30/2026,Active,None
Rivera,Cristal,,556,8/28/2024,6/30/2026,Active,None
Robbins,Camden,C.,606,6/24/2025,6/30/2027,Active,None
Roberson,Mary,C.,1003,5/26/2026,6/30/2028,Active,None
Robertson,Michelle,B.,192,5/18/2016,6/30/2028,Active,None
Robinson,Megan,T.,529,3/14/2024,6/30/2028,Active,None
Roche,Margaret,M.,151,9/17/2014,6/30/2026,Active,None
Rogers,Valerie,A.,306,2/25/2020,6/30/2028,Active,None
Roussel,Jennifer,W.,582,1/23/2025,6/30/2027,Active,None
Rovell,Jacqueline,M.,423,8/29/2024,6/30/2028,Active,None
Rowberry,Rachelle,,257,9/12/2018,6/30/2028,Active,None
Rudolph,Lindsey,J.,283,4/26/2019,6/30/2027,Active,None
Ruess,Loralee,,42,6/18/2012,6/30/2028,Active,None
Russell,Kristin,L.,196,6/29/2016,6/30/2026,Active,None
Ryan,Mary,T.,127,8/27/2013,6/30/2027,Active,None
Sajbel,Jennifer,O.,184,3/28/2016,6/30/2028,Active,None
Sanchez,Alejandra,,435,6/30/2022,6/30/2026,Active,None
Sanchez,Elsa,E.,986,4/6/2026,6/30/2028,Active,None
Satov,Tracy,,984,3/20/2026,6/30/2028,Active,None
Saulsbury,Sarah,M.,491,7/5/2023,6/30/2027,Active,None
Schaefer,Ellen,S.,615,7/29/2025,6/30/2027,Active,None
Schmidt,Ellen,N.,115,3/7/2013,6/30/2027,Active,None
Schoeffel,Jonathan,D.,309,3/23/2020,6/30/2026,Active,None
Schoenleber,Carrol,M.,391,10/11/2021,6/30/2027,Active,None
Schroth,Haley,M.,310,3/26/2020,6/30/2028,Active,None
Schultz,Katlyn,N.,147,7/13/2020,6/30/2026,Active,None
Schwartz,Julie,A.,509,11/21/2023,6/30/2027,Active,None
Schwartz,Stephanie,M.,489,6/20/2023,6/30/2027,Active,None
Scruggs,Kathryn,N.,987,4/7/2026,6/30/2028,Active,None
Seidel,Alyssa,M.,457,12/20/2022,6/30/2026,Active,None
Sermon,Shaliese,M.,621,8/18/2025,6/30/2027,Active,None
Sesley,Jennifer,M.,63,6/21/2012,6/30/2028,Active,None
Settje,Jennifer,L.,569,11/20/2024,6/30/2026,Active,None
Shelley,Danae,L.,479,5/4/2023,6/30/2027,Active,None
Siebrandt,Marti,A.,424,4/4/2022,6/30/2028,Active,None
Sikora,Alexa,J.,394,11/9/2021,6/30/2027,Active,None
Skinner,Megan,M.,474,4/10/2023,6/30/2027,Active,None
Sleeper,Brittany,E.,524,2/12/2024,6/30/2026,Active,None
Smith,Katherine,M.,266,10/19/2018,6/30/2026,Active,None
Smith,Lisa,L.,71,6/25/2012,6/30/2026,Active,None
Smith,Paige,Y.,554,8/21/2024,6/30/2026,Active,None
Snell,Yungjing,A.,578,1/23/2025,6/30/2027,Active,None
Sommers,Sarah,A.,126,8/27/2013,6/30/2027,Active,None
Stacy,Lucy,M.,45,6/18/2012,6/30/2028,Active,None
Stahlfeld,Jenna,R.,163,6/5/2015,6/30/2027,Active,None
Steck,Dana,L.,263,10/3/2018,6/30/2028,Active,None
Stefancin,Hannah,L.,430,5/12/2022,6/30/2028,Active,None
Sterchi,Lindsey,M.,433,6/15/2022,6/30/2028,Active,None
Stolzer,Elexa,S.,624,8/18/2025,6/30/2027,Active,None
Strang,Katherine,L.,270,11/7/2018,6/30/2028,Active,None
Stratton-Schulz,Kate,A.,1,6/18/2012,6/30/2028,Active,None
Sullivan,Holly,E.,425,4/27/2022,6/30/2028,Active,None
Sushkevich,Olga,A.,385,8/27/2021,6/30/2027,Active,None
Szekely,Cheryl,A.,291,7/16/2019,6/30/2027,Active,None
Tague,Rebekah,,979,2/17/2026,6/30/2028,Active,None
Taylor,Amanda,L.,1002,5/26/2026,6/30/2028,Active,None
Tharp,Jill,M.,437,7/13/2022,6/30/2026,Active,None
Thomas,Kathleen,L.,76,6/26/2012,6/30/2026,Active,None
Thompson,Andrea,R.,994,5/1/2026,6/30/2028,Active,None
Thompson,Codi,S.,32,6/11/2012,6/30/2026,Active,None
Thompson,Hollin,P.,951,11/26/2025,6/30/2027,Active,None
Thwaites,Sydney,L.,426,5/9/2022,6/30/2026,Active,None
Thym,Jacquelyn,B.,570,11/27/2024,6/30/2026,Active,None
Tibodeau,Abby,J.,412,3/24/2022,6/30/2026,Active,None
Torain,Shandy,,946,10/30/2025,6/30/2027,Active,None
Treese,Megan,M.,122,6/24/2013,6/30/2027,Active,None
Tripp,Hannah,L.,260,9/19/2018,6/30/2026,Active,None
Tyler,Jade,M.,985,3/20/2026,6/30/2028,Active,None
Vallas,Megan,A.,935,9/15/2025,6/30/2027,Active,None
Vazquez,Atalia,,579,1/23/2025,6/30/2027,Active,None
Veinbergs,Ausencia,C.,504,11/8/2023,6/30/2027,Active,None
Voytek,Stephanie,A.,953,1/8/2026,6/30/2028,Active,None
Waddell,Lacey,L.,211,1/27/2017,6/30/2027,Active,None
Wade,John,W.,7,5/21/2012,6/30/2028,Active,None
Wagner,Kristal,A.,19,6/7/2012,6/30/2028,Active,None
Wakeen,Barbara,A.,996,5/26/2026,6/30/2028,Active,None
Waldner,Jessica,A.,500,9/6/2023,6/30/2027,Active,None
Wallace,Christy,J.,300,11/26/2019,6/30/2027,Active,None
Waller,Justin,M.,977,2/17/2026,6/30/2028,Active,None
Wallinga,Melissa,M.,511,12/19/2023,6/30/2027,Active,None
Walsh,Gretchen,A.,589,3/18/2025,6/30/2027,Active,None
Ward,Doreen,V.,8,5/21/2012,6/30/2028,Active,None
Watson,Kodi,L.,542,5/17/2024,6/30/2028,Active,None
Wehbe,Amy,M.,386,10/4/2023,6/30/2027,Active,None
Weihe,Kaila,R.,525,2/12/2024,6/30/2026,Active,None
Weisz,Laurel,R.,160,5/15/2015,6/30/2027,Active,None
Welsh,Stephanie,N.,95,8/17/2012,6/30/2028,Active,None
Whipkey,Sarah,E.,467,2/24/2023,6/30/2027,Active,None
White,Brooklin,S.,593,3/27/2025,6/30/2027,Active,None
White,Jessica,M.,941,10/16/2025,6/30/2027,Active,None
White,Samantha,L.,431,7/13/2022,6/30/2026,Active,None
Wietjes,Heidi,M.,179,2/8/2016,6/30/2026,Active,None
Williams,Jon,M.,448,10/26/2022,6/30/2028,Active,None
Willis,Lauren,M.,626,8/18/2025,6/30/2027,Active,None
Winchester,Erin,J.,978,2/17/2026,6/30/2028,Active,None
Winget,Sophie,C.,164,6/9/2015,6/30/2027,Active,None
Winkler,Robin,K.,965,2/6/2026,6/30/2028,Active,None
Workman,Emily,G.,598,4/18/2025,6/30/2027,Active,None
Young,Crystal,J.,944,10/16/2025,6/30/2027,Active,None
Young,Olivia,R.,584,2/3/2025,6/30/2027,Active,None
Zambrano,Miriam,,942,10/16/2025,6/30/2027,Active,None
Zimmerman,Julie,L.,583,2/3/2025,6/30/2027,Active,None
Zold,Danielle,M.,496,7/21/2023,6/30/2027,Active,None
Zukowski,Bridget,J.,136,3/17/2014,6/30/2026,Active,None
Zurchin,Dana,A.,555,8/28/2024,6/30/2026,Active,None